timestamp,distancia_cm,porcentaje,volumen_litros,consumo_lpm,es_anomalia
2026-10-01 08:00:00,5.0,85.7,1.50,0.05,0
2026-10-01 09:00:00,6.5,75.0,1.31,0.19,0
2026-10-01 10:00:00,7.0,71.4,1.25,0.06,0
2026-10-01 11:00:00,7.2,70.0,1.23,0.02,0
2026-10-01 12:00:00,8.5,60.7,1.06,0.17,0
2026-10-01 13:00:00,9.0,57.1,1.00,0.06,0
2026-10-01 14:00:00,2.8,100.0,1.75,-0.75,0
2026-10-01 15:00:00,3.0,98.0,1.72,0.03,0
2026-10-01 16:00:00,3.2,96.0,1.68,0.04,0
2026-10-01 17:00:00,3.5,94.0,1.65,0.03,0
2026-10-01 18:00:00,5.0,85.7,1.50,0.15,0
2026-10-01 19:00:00,7.0,71.4,1.25,0.25,0
2026-10-01 20:00:00,8.0,64.3,1.13,0.12,0
2026-10-01 21:00:00,8.5,60.7,1.06,0.07,0
2026-10-01 22:00:00,8.7,59.3,1.04,0.02,0
2026-10-01 23:00:00,8.8,58.6,1.03,0.01,0
2026-10-02 02:00:00,11.0,42